Workbook

Sheet Sheet1
A1: No. | B1: Mã mặt hàng | C1: Tên mặt hàng | D1: Danh mục mặt hàng | E1: CL-1 | F1: CL-2 | G1: CL-3
A2: 1 | B2: AB101 | C2: Brick Red | D2: [Bán thành phẩm] | E2: Mini stamping M/C | F2: V2 | G2: Foild Barrel
A3: 2 | B3: AB102 | C3: Red | D3: [Bán thành phẩm] | E3: Mini stamping M/C | F3: V2 | G3: Foild Barrel
A4: 3 | B4: AB103 | C4: Scarlet | D4: [Bán thành phẩm] | E4: Mini stamping M/C | F4: V2 | G4: Foild Barrel
A5: 4 | B5: AB104 | C5: Salmon | D5: [Bán thành phẩm] | E5: Mini stamping M/C | F5: V2 | G5: Foild Barrel
A6: 5 | B6: AB105 | C6: Red Orange | D6: [Bán thành phẩm] | E6: Mini stamping M/C | F6: V2 | G6: Foild Barrel
A7: 6 | B7: AB106 | C7: Burnt Orange | D7: [Bán thành phẩm] | E7: Mini stamping M/C | F7: V2 | G7: Foild Barrel
A8: 7 | B8: AB107 | C8: Melon | D8: [Bán thành phẩm] | E8: Mini stamping M/C | F8: V2 | G8: Foild Barrel
A9: 8 | B9: AB108 | C9: Orange | D9: [Bán thành phẩm] | E9: Mini stamping M/C | F9: V2 | G9: Foild Barrel
A10: 9 | B10: AB109 | C10: Yellow Orange | D10: [Bán thành phẩm] | E10: Mini stamping M/C | F10: V2 | G10: Foild Barrel
A11: 10 | B11: AB110 | C11: Macaroni | D11: [Bán thành phẩm] | E11: Mini stamping M/C | F11: V2 | G11: Foild Barrel
A12: 11 | B12: AB111 | C12: Peach | D12: [Bán thành phẩm] | E12: Mini stamping M/C | F12: V2 | G12: Foild Barrel
... A1302: 1303 | B1302: CPPS012A | C1302: Sand | D1302: [Bán thành phẩm] | E1302: Click pencil Assy M/C | F1302: Click Ass'Y | G1302: Click Pencil

Sheet BC lắp ráp Ca ngày
A1: 생 산 일 보 | N1: Created by | P1: Checked by | R1: Approved by
A2: BÁO CÁO SẢN XUẤT HÀNG NGÀY | N2: CỌP
A4: 1. 작업장명 Tên công đoạn | C4: Ass ( floor 1 ) Lắp ráp tầng 1 | F4: 2. 생산일자 Ngày sản xuất | L4: 46303
A5: £ Day time - Ca ngày | D5: £ Night time - Ca đêm
A6: Ass'y Machine Máy lắp ráp | B6: MC No Số máy | C6: Code Mã hàng | D6: Description Chi tiết | E6: Ok Q'ty Số lượng đạt | F6: Working time | J6: Stop MC Thời gian ngưng máy | K6: Man power Công nhân | L6: NG Q'ty Số lượng lỗi | M6: Date | N6: Injection date/Ngày nhựa | R6: Remarks Ghi chú
F7: Bắt đầu | G7: Kết thúc | H7: Nghỉ quy định (min) | I7: Số phút quy đổi | M7: Refill | N7: Barrel | O7: Spoon | P7: Holder | Q7: Nose | S7: NOTE
A8: =_xlfn.XLOOKUP($C8,Sheet1!$B:$B,Sheet1!$E:$E) -> Mini Assy M/C | B8: 1 | C8: BM01036 | D8: =_xlfn.XLOOKUP($C8,Sheet1!$B:$B,Sheet1!$C:$C) -> Carnation Pink | E8: 35000 | F8: 0.33333333 | G8: 0.70833333 | H8: 80 | I8: =MOD(G8-F8,1)*24*60-H8 -> 460 | K8: 1 | L8: 16 | M8: 28.9 | N8: 13.8 | O8: 1.1 | P8: 25.9 | R8: KHANG | T8: thời gian nghỉ quy định và thời gian tắt máy không có thì không cần điền số 0 nha
A9: =_xlfn.XLOOKUP($C9,Sheet1!$B:$B,Sheet1!$E:$E) -> Mini Assy M/C | B9: 2 | C9: BM01027 | D9: =_xlfn.XLOOKUP($C9,Sheet1!$B:$B,Sheet1!$C:$C) -> Bluetiful | E9: 28000 | F9: 0.33333333 | G9: 0.70833333 | H9: 80 | I9: =MOD(G9-F9,1)*24*60-H9 -> 460 | K9: 1 | L9: 6 | M9: 18.8 | N9: 3.8 | O9: 30.9 | P9: 2.1 | R9: NỞ
A10: =_xlfn.XLOOKUP($C10,Sheet1!$B:$B,Sheet1!$E:$E) -> Mini Assy M/C | B10: 3 | C10: BM01008 | D10: =_xlfn.XLOOKUP($C10,Sheet1!$B:$B,Sheet1!$C:$C) -> Orange | E10: 31000 | F10: 0.33333333 | G10: 0.66666667 | H10: 80 | I10: =MOD(G10-F10,1)*24*60-H10 -> 400 | K10: 0.5 | M10: 30.9 | N10: 12.9 | O10: 7.1 | P10: 2.1 | R10: XOÀN
A11: =_xlfn.XLOOKUP($C11,Sheet1!$B:$B,Sheet1!$E:$E) -> Mini Assy M/C | B11: 3 | C11: BM01023 | D11: =_xlfn.XLOOKUP($C11,Sheet1!$B:$B,Sheet1!$C:$C) -> Blue Green | E11: 4000 | F11: 0.66666667 | G11: 0.70833333 | I11: =MOD(G11-F11,1)*24*60-H11 -> 60 | K11: 0.5 | M11: 6.1 | N11: 15.9 | O11: 7.1 | P11: 2.1 | R11: XOÀN
A12: =_xlfn.XLOOKUP($C12,Sheet1!$B:$B,Sheet1!$E:$E) -> Mini Assy M/C | B12: 7 | C12: BM01005 | D12: =_xlfn.XLOOKUP($C12,Sheet1!$B:$B,Sheet1!$C:$C) -> Red Orange | E12: 14300 | F12: 0.33333333 | G12: 0.5 | H12: 10 | I12: =MOD(G12-F12,1)*24*60-H12 -> 230 | K12: 0.5 | L12: 5 | M12: 5.1 | N12: 26.9 | O12: 2.1 | P12: 16.9 | R12: QUYỀN
A13: =_xlfn.XLOOKUP($C13,Sheet1!$B:$B,Sheet1!$E:$E) -> Mini Assy M/C | B13: 7 | C13: BM01012 | D13: =_xlfn.XLOOKUP($C13,Sheet1!$B:$B,Sheet1!$C:$C) -> Apricot | E13: 16700 | F13: 0.5 | G13: 0.70833333 | H13: 70 | I13: =MOD(G13-F13,1)*24*60-H13 -> 230 | K13: 0.5 | L13: 10 | M13: 18.9 | N13: 16.9 | O13: 7.1 | P13: 16.9 | R13: QUYỀN
A14: =_xlfn.XLOOKUP($C14,Sheet1!$B:$B,Sheet1!$E:$E) -> 0 | D14: =_xlfn.XLOOKUP($C14,Sheet1!$B:$B,Sheet1!$C:$C) -> 0 | I14: =MOD(G14-F14,1)*24*60-H14 -> 0
A15: =_xlfn.XLOOKUP($C15,Sheet1!$B:$B,Sheet1!$E:$E) -> Regular Assy M/C | B15: 1 | C15: ML11 | D15: =_xlfn.XLOOKUP($C15,Sheet1!$B:$B,Sheet1!$C:$C) -> Violet | E15: 13400 | F15: 0.33333333 | G15: 0.58333333 | H15: 70 | I15: =MOD(G15-F15,1)*24*60-H15 -> 290 | K15: 0.5 | L15: 7 | M15: 15.8 | N15: 17.9 | O15: 2.1 | P15: 2.1 | R15: HUY
A16: =_xlfn.XLOOKUP($C16,Sheet1!$B:$B,Sheet1!$E:$E) -> Regular Assy M/C | B16: 1 | C16: ML02 | D16: =_xlfn.XLOOKUP($C16,Sheet1!$B:$B,Sheet1!$C:$C) -> Red | E16: 8000 | F16: 0.58333333 | G16: 0.70833333 | H16: 10 | I16: =MOD(G16-F16,1)*24*60-H16 -> 170 | K16: 0.5 | L16: 7 | M16: 5.1 | N16: 4.9 | O16: 2.1 | P16: 2.1 | R16: HUY
A17: =_xlfn.XLOOKUP($C17,Sheet1!$B:$B,Sheet1!$E:$E) -> Regular Assy M/C | B17: 2 | C17: ML07 | D17: =_xlfn.XLOOKUP($C17,Sheet1!$B:$B,Sheet1!$C:$C) -> Yellow Green | E17: 20800 | F17: 0.33333333 | G17: 0.625 | H17: 70 | I17: =MOD(G17-F17,1)*24*60-H17 -> 350 | K17: 0.5 | L17: 5 | M17: 2.1 | N17: 1.9 | O17: 2.1 | P17: 25.9 | R17: SỰ
A18: =_xlfn.XLOOKUP($C18,Sheet1!$B:$B,Sheet1!$E:$E) -> Regular Assy M/C | B18: 2 | C18: ML08 | D18: =_xlfn.XLOOKUP($C18,Sheet1!$B:$B,Sheet1!$C:$C) -> Green | E18: 7000 | F18: 0.625 | G18: 0.70833333 | H18: 10 | I18: =MOD(G18-F18,1)*24*60-H18 -> 110 | K18: 0.5 | L18: 4 | M18: 2.1 | N18: 12.1 | O18: 2.1 | P18: 25.9 | R18: SỰ
A19: =_xlfn.XLOOKUP($C19,Sheet1!$B:$B,Sheet1!$E:$E) -> Regular Assy M/C | B19: 3 | C19: ML04 | D19: =_xlfn.XLOOKUP($C19,Sheet1!$B:$B,Sheet1!$C:$C) -> Orange | E19: 8700 | F19: 0.33333333 | G19: 0.58333333 | H19: 70 | I19: =MOD(G19-F19,1)*24*60-H19 -> 290 | K19: 0.5 | L19: 6 | M19: 24.8 | N19: 3.9 | O19: 5.1 | P19: 29.9 | R19: SON
A20: =_xlfn.XLOOKUP($C20,Sheet1!$B:$B,Sheet1!$E:$E) -> Regular Assy M/C | B20: 3 | C20: ML09 | D20: =_xlfn.XLOOKUP($C20,Sheet1!$B:$B,Sheet1!$C:$C) -> Sky Blue | E20: 3000 | F20: 0.58333333 | G20: 0.70833333 | H20: 10 | I20: =MOD(G20-F20,1)*24*60-H20 -> 170 | K20: 0.5 | L20: 3 | M20: 7.1 | N20: 27.8 | O20: 30.9 | P20: 1.1 | R20: SON
A21: =_xlfn.XLOOKUP($C21,Sheet1!$B:$B,Sheet1!$E:$E) -> 0 | D21: =_xlfn.XLOOKUP($C21,Sheet1!$B:$B,Sheet1!$C:$C) -> 0 | I21: =MOD(G21-F21,1)*24*60-H21 -> 0
A22: =_xlfn.XLOOKUP($C22,Sheet1!$B:$B,Sheet1!$E:$E) -> Click pencil-T M/C | B22: 1 | C22: CPCL009 | D22: =_xlfn.XLOOKUP($C22,Sheet1!$B:$B,Sheet1!$C:$C) -> Violet | E22: 15000 | F22: 0.33333333 | G22: 0.70833333 | H22: 80 | I22: =MOD(G22-F22,1)*24*60-H22 -> 460 | K22: 1 | L22: 70 | M22: 24.4 | N22: 1.7 | O22: 25.9 | P22: 6.8 | Q22: 31.7 | R22: THỦY
A23: =_xlfn.XLOOKUP($C23,Sheet1!$B:$B,Sheet1!$E:$E) -> Click pencil Assy M/C | B23: 1 | C23: CPCL009A | D23: =_xlfn.XLOOKUP($C23,Sheet1!$B:$B,Sheet1!$C:$C) -> Violet | E23: 17400 | F23: 0.33333333 | G23: 0.70833333 | H23: 80 | I23: =MOD(G23-F23,1)*24*60-H23 -> 460 | K23: 1 | M23: 24.4 | N23: 1.7 | O23: 25.9 | P23: 6.8 | Q23: 31.7 | R23: THẠNH
A24: =_xlfn.XLOOKUP($C24,Sheet1!$B:$B,Sheet1!$E:$E) -> 0 | D24: =_xlfn.XLOOKUP($C24,Sheet1!$B:$B,Sheet1!$C:$C) -> 0 | I24: =MOD(G24-F24,1)*24*60-H24 -> 0
A25: =_xlfn.XLOOKUP($C25,Sheet1!$B:$B,Sheet1!$E:$E) -> Pencil Assy M/C | B25: 1 | C25: BP052 | D25: =_xlfn.XLOOKUP($C25,Sheet1!$B:$B,Sheet1!$C:$C) -> F.Yellow | E25: 9300 | F25: 0.33333333 | G25: 0.41666667 | I25: =MOD(G25-F25,1)*24*60-H25 -> 120 | K25: 0.5 | M25: 10.1 | N25: 6.1 | O25: 26.8 | P25: 1.8 | Q25: 28.7 | R25: TÈO
A26: =_xlfn.XLOOKUP($C26,Sheet1!$B:$B,Sheet1!$E:$E) -> Pencil Assy M/C | B26: 1 | C26: BP001 | D26: =_xlfn.XLOOKUP($C26,Sheet1!$B:$B,Sheet1!$C:$C) -> Mahogany | E26: 23500 | F26: 0.41666667 | G26: 0.70833333 | H26: 80 | I26: =MOD(G26-F26,1)*24*60-H26 -> 340 | K26: 0.5 | M26: 7.1 | N26: 7.1 | O26: 29.9 | P26: 1.8 | Q26: 14.7 | R26: TÈO
A27: =_xlfn.XLOOKUP($C27,Sheet1!$B:$B,Sheet1!$E:$E) -> Pencil Assy M/C | B27: 2 | C27: BP034 | D27: =_xlfn.XLOOKUP($C27,[1]Sheet1!$B:$B,[1]Sheet1!$C:$C) -> Mauvelous | E27: 4130 | F27: 0.33333333 | G27: 0.35416667 | I27: =MOD(G27-F27,1)*24*60-H27 -> 30 | K27: 0.5 | L27: 0 | M27: 28.9 | N27: 6.1 | O27: 19.8 | P27: 2.1 | Q27: 30.5 | R27: ÚT
A28: =_xlfn.XLOOKUP($C28,Sheet1!$B:$B,Sheet1!$E:$E) -> Pencil Assy M/C | B28: 2 | C28: BP019 | D28: =_xlfn.XLOOKUP($C28,Sheet1!$B:$B,Sheet1!$C:$C) -> Teal | E28: 27000 | F28: 0.35416667 | G28: 0.70833333 | H28: 80 | I28: =MOD(G28-F28,1)*24*60-H28 -> 430 | K28: 0.5 | L28: 5 | M28: 18.8 | N28: 5.1 | O28: 7.1 | P28: 2.1 | Q28: 18.7 | R28: ÚT

Sheet BC in tem Ca Ngày
A1: 생 산 일 보 | K1: Created by | L1: Checked by | M1: Approved by
A2: BÁO CÁO SẢN XUẤT HÀNG NGÀY | K2: CỌP
A4: 1. 작업장명 Tên công đoạn | B4: Hot foil stamping In chuyển nhiệt | E4: 2. 생산일자 Ngày sản xuất | J4: 46303
A5: □ Day time - Ca ngày | C5: □ | D5: Night time - Ca đêm
A6: Stamping machine Máy dán màng | B6: MC No Số máy | C6: Code Mã hàng | D6: Description Chi tiết | E6: Ok Q'ty Số lượng đạt | F6: Working time | J6: Stop MC Thời gian ngưng máy | K6: NG Q'ty Số lượng lỗi | L6: Man power Công nhân | M6: Worker Tên công nhân | N6: NOTE
F7: Bắt đầu | G7: Kết thúc | H7: Nghỉ quy định | I7: Số phút quy đổi
A8: =_xlfn.XLOOKUP($C8,Sheet1!$B:$B,Sheet1!$E:$E) -> Mini stamping M/C | B8: 2 | C8: AB108 | D8: =_xlfn.XLOOKUP($C8,[2]Sheet1!$B:$B,[2]Sheet1!$C:$C) -> Orange | E8: 16500 | F8: 0.33333333 | G8: 0.70833333 | H8: 80 | I8: =MOD(G8-F8,1)*24*60-H8 -> 460 | K8: 8 | L8: 1 | M8: TUYẾT
A9: =_xlfn.XLOOKUP($C9,Sheet1!$B:$B,Sheet1!$E:$E) -> Mini stamping M/C | B9: 5 | C9: AB112 | D9: =_xlfn.XLOOKUP($C9,Sheet1!$B:$B,Sheet1!$C:$C) -> Apricot | E9: 5500 | F9: 0.33333333 | G9: 0.41666667 | I9: =MOD(G9-F9,1)*24*60-H9 -> 120 | L9: 0.25 | M9: HUYỀN
A10: =_xlfn.XLOOKUP($C10,Sheet1!$B:$B,Sheet1!$E:$E) -> Mini stamping M/C | B10: 5 | C10: AB115 | D10: =_xlfn.XLOOKUP($C10,[2]Sheet1!$B:$B,[2]Sheet1!$C:$C) -> Lime Green | E10: 12000 | F10: 0.41666667 | G10: 0.70833333 | H10: 80 | I10: =MOD(G10-F10,1)*24*60-H10 -> 340 | K10: 7 | L10: 0.25 | M10: HUYỀN
A11: =_xlfn.XLOOKUP($C11,Sheet1!$B:$B,Sheet1!$E:$E) -> Mini stamping M/C | B11: 6 | C11: AB112 | D11: =_xlfn.XLOOKUP($C11,Sheet1!$B:$B,Sheet1!$C:$C) -> Apricot | E11: 4000 | F11: 0.33333333 | G11: 0.41666667 | I11: =MOD(G11-F11,1)*24*60-H11 -> 120 | L11: 0.25 | M11: HUYỀN
A12: =_xlfn.XLOOKUP($C12,Sheet1!$B:$B,Sheet1!$E:$E) -> Mini stamping M/C | B12: 6 | C12: AB115 | D12: =_xlfn.XLOOKUP($C12,[2]Sheet1!$B:$B,[2]Sheet1!$C:$C) -> Lime Green | E12: 13000 | F12: 0.41666667 | G12: 0.70833333 | H12: 80 | I12: =MOD(G12-F12,1)*24*60-H12 -> 340 | K12: 5 | L12: 0.25 | M12: HUYỀN
A13: =_xlfn.XLOOKUP($C13,Sheet1!$B:$B,Sheet1!$E:$E) -> Mini stamping M/C | B13: 7 | C13: AB127 | D13: =_xlfn.XLOOKUP($C13,Sheet1!$B:$B,Sheet1!$C:$C) -> Bluetiful | E13: 19200 | F13: 0.33333333 | G13: 0.70833333 | H13: 80 | I13: =MOD(G13-F13,1)*24*60-H13 -> 460 | K13: 25 | L13: 1 | M13: THÚY
A14: =_xlfn.XLOOKUP($C14,Sheet1!$B:$B,Sheet1!$E:$E) -> Mini stamping M/C | B14: 8 | C14: AB123 | D14: =_xlfn.XLOOKUP($C14,[2]Sheet1!$B:$B,[2]Sheet1!$C:$C) -> Blue Green | E14: 7700 | F14: 0.33333333 | G14: 0.47916667 | H14: 10 | I14: =MOD(G14-F14,1)*24*60-H14 -> 200 | L14: 0.25 | M14: TRÚC
A15: =_xlfn.XLOOKUP($C15,Sheet1!$B:$B,Sheet1!$E:$E) -> Mini stamping M/C | B15: 8 | C15: AB130 | D15: =_xlfn.XLOOKUP($C15,Sheet1!$B:$B,Sheet1!$C:$C) -> Indigo | E15: 10000 | F15: 0.47916667 | G15: 0.70833333 | H15: 70 | I15: =MOD(G15-F15,1)*24*60-H15 -> 260 | L15: 0.25 | M15: TRÚC
A16: =_xlfn.XLOOKUP($C16,Sheet1!$B:$B,Sheet1!$E:$E) -> Mini stamping M/C | B16: 9 | C16: AB123 | D16: =_xlfn.XLOOKUP($C16,[2]Sheet1!$B:$B,[2]Sheet1!$C:$C) -> Blue Green | E16: 8300 | F16: 0.33333333 | G16: 0.47916667 | H16: 10 | I16: =MOD(G16-F16,1)*24*60-H16 -> 200 | K16: 10 | L16: 0.25 | M16: TRÚC
A17: =_xlfn.XLOOKUP($C17,Sheet1!$B:$B,Sheet1!$E:$E) -> Mini stamping M/C | B17: 9 | C17: AB130 | D17: =_xlfn.XLOOKUP($C17,Sheet1!$B:$B,Sheet1!$C:$C) -> Indigo | E17: 10000 | F17: 0.47916667 | G17: 0.70833333 | H17: 70 | I17: =MOD(G17-F17,1)*24*60-H17 -> 260 | K17: 10 | L17: 0.25 | M17: TRÚC
A18: =_xlfn.XLOOKUP($C18,Sheet1!$B:$B,Sheet1!$E:$E) -> 0 | D18: =_xlfn.XLOOKUP($C18,[2]Sheet1!$B:$B,[2]Sheet1!$C:$C) -> 0 | I18: =MOD(G18-F18,1)*24*60-H18 -> 0
A19: =_xlfn.XLOOKUP($C19,Sheet1!$B:$B,Sheet1!$E:$E) -> Gold stamping M/C | B19: 1 | C19: AFML09 | D19: =_xlfn.XLOOKUP($C19,Sheet1!$B:$B,Sheet1!$C:$C) -> Sky Blue | E19: 11200 | F19: 0.33333333 | G19: 0.40277778 | I19: =MOD(G19-F19,1)*24*60-H19 -> 100 | K19: 10 | L19: 0.33 | M19: KHÊN
A20: =_xlfn.XLOOKUP($C20,Sheet1!$B:$B,Sheet1!$E:$E) -> Gold stamping M/C | B20: 1 | C20: AFML03 | D20: =_xlfn.XLOOKUP($C20,[2]Sheet1!$B:$B,[2]Sheet1!$C:$C) -> Pink | E20: 8100 | F20: 0.40277778 | G20: 0.46875 | H20: 10 | I20: =MOD(G20-F20,1)*24*60-H20 -> 85 | K20: 45 | L20: 0.33 | M20: KHÊN
A21: =_xlfn.XLOOKUP($C21,Sheet1!$B:$B,Sheet1!$E:$E) -> Gold stamping M/C | B21: 1 | C21: AFML07 | D21: =_xlfn.XLOOKUP($C21,Sheet1!$B:$B,Sheet1!$C:$C) -> Yellow Green | E21: 20000 | F21: 0.46875 | G21: 0.70833333 | H21: 70 | I21: =MOD(G21-F21,1)*24*60-H21 -> 275 | K21: 8 | L21: 0.33 | M21: KHÊN
A22: =_xlfn.XLOOKUP($C22,Sheet1!$B:$B,Sheet1!$E:$E) -> Gold stamping M/C | B22: 2 | C22: AFML11 | D22: =_xlfn.XLOOKUP($C22,[2]Sheet1!$B:$B,[2]Sheet1!$C:$C) -> Violet | E22: 10400 | F22: 0.33333333 | G22: 0.4375 | H22: 10 | I22: =MOD(G22-F22,1)*24*60-H22 -> 140 | K22: 20 | L22: 0.33 | M22: ĐẦM
A23: =_xlfn.XLOOKUP($C23,Sheet1!$B:$B,Sheet1!$E:$E) -> Gold stamping M/C | B23: 2 | C23: AFML06 | D23: =_xlfn.XLOOKUP($C23,Sheet1!$B:$B,Sheet1!$C:$C) -> Yellow | E23: 9200 | F23: 0.4375 | G23: 0.58333333 | H23: 60 | I23: =MOD(G23-F23,1)*24*60-H23 -> 150 | K23: 20 | L23: 0.33 | M23: ĐẦM
A24: =_xlfn.XLOOKUP($C24,Sheet1!$B:$B,Sheet1!$E:$E) -> Gold stamping M/C | B24: 2 | C24: AFML05 | D24: =_xlfn.XLOOKUP($C24,Sheet1!$B:$B,Sheet1!$C:$C) -> Apricot | E24: 12000 | F24: 0.58333333 | G24: 0.70833333 | H24: 10 | I24: =MOD(G24-F24,1)*24*60-H24 -> 170 | K24: 20 | L24: 0.33 | M24: ĐẦM
A25: =_xlfn.XLOOKUP($C25,Sheet1!$B:$B,Sheet1!$E:$E) -> 0 | D25: =_xlfn.XLOOKUP($C25,Sheet1!$B:$B,Sheet1!$C:$C) -> 0 | I25: =MOD(G25-F25,1)*24*60-H25 -> 0
A26: =_xlfn.XLOOKUP($C26,Sheet1!$B:$B,Sheet1!$E:$E) -> Pencil Stamping M/C | B26: 1 | C26: AP1 | D26: =_xlfn.XLOOKUP($C26,Sheet1!$B:$B,Sheet1!$C:$C) -> Stamping Pencil Violet | E26: 20000 | F26: 0.33333333 | G26: 0.70833333 | H26: 80 | I26: =MOD(G26-F26,1)*24*60-H26 -> 460 | K26: 10 | L26: 1 | M26: SEN
A27: =_xlfn.XLOOKUP($C27,Sheet1!$B:$B,Sheet1!$E:$E) -> Pencil Stamping M/C | B27: 2 | C27: AP1 | D27: =_xlfn.XLOOKUP($C27,Sheet1!$B:$B,Sheet1!$C:$C) -> Stamping Pencil Violet | E27: 41000 | F27: 0.33333333 | G27: 0.70833333 | H27: 80 | I27: =MOD(G27-F27,1)*24*60-H27 -> 460 | K27: 5 | L27: 1 | M27: KHÁNH
