Workbook

Sheet Sheet2
A1: KH | B1: Loại | C1: Code | D1: Name | E1: Phân loại | F1: ERP Code | I1: Pcs
A2: BIC | B2: Dial | C2: BIC2301 | D2: Brown | E2: Bic | F2: RBIC01 | G2: 188000 | H2: 3.6 | I2: =ROUNDDOWN(G2/H2,0) -> 52222
A3: BIC | B3: Dial | C3: BIC2302 | D3: Apricot | E3: Bic | F3: RBIC02 | G3: 180410 | H3: 3.65 | I3: =ROUNDDOWN(G3/H3,0) -> 49427
A4: BIC | B4: Dial | C4: BIC2303 | D4: Red | E4: Bic | F4: RBIC03 | G4: 168000 | H4: 3.6 | I4: =ROUNDDOWN(G4/H4,0) -> 46666
A5: BIC | B5: Dial | C5: BIC2304 | D5: Pink | E5: Bic | F5: RBIC04 | G5: 173430 | H5: 3.83 | I5: =ROUNDDOWN(G5/H5,0) -> 45281
A6: BIC | B6: Dial | C6: BIC2305 | D6: Orange | E6: Bic | F6: RBIC05 | G6: 162000 | H6: 3.5 | I6: =ROUNDDOWN(G6/H6,0) -> 46285
A7: BIC | B7: Dial | C7: BIC2306 | D7: Yellow | E7: Bic | F7: RBIC06 | G7: 173000 | H7: 3.7 | I7: =ROUNDDOWN(G7/H7,0) -> 46756
A8: BIC | B8: Dial | C8: BIC2307 | D8: Yellow Green | E8: Bic | F8: RBIC07 | G8: 172800 | H8: 3.65 | I8: =ROUNDDOWN(G8/H8,0) -> 47342
A9: BIC | B9: Dial | C9: BIC2308 | D9: Green | E9: Bic | F9: RBIC08 | G9: 174900 | H9: 3.5 | I9: =ROUNDDOWN(G9/H9,0) -> 49971
A10: BIC | B10: Dial | C10: BIC2309 | D10: Sky Blue | E10: Bic | F10: RBIC09 | G10: 174500 | H10: 3.5 | I10: =ROUNDDOWN(G10/H10,0) -> 49857
A11: BIC | B11: Dial | C11: BIC2310 | D11: Blue | E11: Bic | F11: RBIC10 | G11: 171400 | H11: 3.5 | I11: =ROUNDDOWN(G11/H11,0) -> 48971
A12: BIC | B12: Dial | C12: BIC2311 | D12: Violet | E12: Bic | F12: RBIC11 | G12: 161691 | H12: 3.5 | I12: =ROUNDDOWN(G12/H12,0) -> 46197
A13: BIC | B13: Dial | C13: BIC2312 | D13: Black | E13: Bic | F13: RBIC12 | G13: 180000 | H13: 3.5 | I13: =ROUNDDOWN(G13/H13,0) -> 51428
... A327: BC-102 | B327: Peel | C327: P011 | D327: Brown | E327: Small | F327: RWP11 | G327: 130000 | H327: 3.7 | I327: =ROUNDDOWN(G327/H327,0) -> 35135
I588: =ROUNDDOWN(G588/H588,0) -> #DIV/0!
I600: =ROUNDDOWN(G600/H600,0) -> #DIV/0!
I611: =ROUNDDOWN(G611/H611,0) -> #DIV/0!
I612: =ROUNDDOWN(G612/H612,0) -> #DIV/0!
I667: =ROUNDDOWN(G667/H667,0) -> #DIV/0!
I668: =ROUNDDOWN(G668/H668,0) -> #DIV/0!
I687: =ROUNDDOWN(G687/H687,0) -> #DIV/0!
I688: =ROUNDDOWN(G688/H688,0) -> #DIV/0!
I698: =ROUNDDOWN(G698/H698,0) -> #DIV/0!
I718: =ROUNDDOWN(G718/H718,0) -> #DIV/0!
I719: =ROUNDDOWN(G719/H719,0) -> #DIV/0!
I740: =ROUNDDOWN(G740/H740,0) -> #DIV/0!
... I1674: =ROUNDDOWN(G1674/H1674,0) -> #DIV/0!

Sheet Báo cáo ép lõi
B1: Công thức | E1: Nhập | F1: Công thức | G1: Công thức | H1: Nhập | I1: Công thức | J1: Nhập | M1: thời gian nhập theo định dạng 24h
B2: 생 산 일 보 | L2: Created by | N2: Checked by | P2: Approved by
B3: BÁO CÁO SẢN XUẤT HÀNG NGÀY | L3: Cảnh
B5: 1. 작업장명 Tên công đoạn | E5: Refill Forming Tạo ruột lõi | J5: 2. 생산일자 Ngày sản xuất | N5: 46303
B6: MC | C6: MC No. | D6: Description | E6: ④ Product Code | F6: ⑤ Plan Weight(g) | G6: ⑥ Plan qty(ea) | H6: ⑦ Real Weight(g) | I6: ⑧ Calcuate qty(ea) | J6: ⑨ Real qty(ea) | K6: ⑪ Loss Weight (g) | L6: ⑩ Loss qty(ea): ⑧-⑨ | M6: ⑫ Working Time(min) | Q6: ⑬ Man power | R6: ⑭ stop MC(min) | S6: Remarrk | T6: ⑮ DAY/NIGHT
B7: Tên thiết bị | C7: Mã thiết bị | D7: Chi tiết | E7: ④ Mã hàng | F7: ⑤ Khối lượng sử dụng theo kế hoạch (g) | G7: ⑥ Số lượng đạt (ea) | H7: ⑦ Khối lượng sử dụng thực tế (g) | I7: ⑧ Số lượng sản xuất theo tính toán (ea) | J7: ⑨ Số lượng sản xuất thực tế (ea) | K7: ⑪ Khối lượng hao hụt (g) | L7: ⑩ Số lượng hao hụt (ea): ⑧-⑨ | M7: ⑫ Thời gian (min) Mở máy | N7: ⑫ Thời gian (min) Tắt máy | O7: Thời gian nghỉ quy định | P7: Số phút quy đổi | Q7: ⑬ Công nhân | R7: ⑭ Thời gian ngưng máy (min) | S7: Ghi chú | T7: ⑮ Ca ngày / Ca đêm
B8: =_xlfn.XLOOKUP($E8,[1]Sheet2!$F:$F,[1]Sheet2!$B:$B) -> Mini | C8: 1 | D8: =_xlfn.XLOOKUP($E8,[1]Sheet2!$F:$F,[1]Sheet2!$D:$D) -> Green Yellow | E8: RM115 | F8: =_xlfn.XLOOKUP($E8,[1]Sheet2!$F:$F,[1]Sheet2!$G:$G) -> 165650 | G8: =_xlfn.XLOOKUP($E8,[1]Sheet2!$F:$F,[1]Sheet2!$I:$I) -> 75295 | H8: 181200 | I8: =IFERROR(ROUNDDOWN(H8/_xlfn.XLOOKUP(E8,Sheet2!$F:$F,Sheet2!$H:$H),0),0) -> 82363 | J8: 81581 | K8: =IFERROR(L8*_xlfn.XLOOKUP($E8,Sheet2!$F:$F,Sheet2!$H:$H),0) -> 1720.4 | L8: =IFERROR(I8-J8,0) -> 782 | M8: 0.33333333 | N8: 0.70833333 | O8: 80 | P8: =MOD(N8-M8,1)*24*60-O8 -> 460 | Q8: 0.5 | R8: 30 | S8: vệ sinh máy | T8: D
B9: =_xlfn.XLOOKUP($E9,[1]Sheet2!$F:$F,[1]Sheet2!$B:$B) -> Mini | C9: 2 | D9: =_xlfn.XLOOKUP($E9,[1]Sheet2!$F:$F,[1]Sheet2!$D:$D) -> Indigo | E9: RM130 | F9: =_xlfn.XLOOKUP($E9,[1]Sheet2!$F:$F,[1]Sheet2!$G:$G) -> 169750 | G9: =_xlfn.XLOOKUP($E9,[1]Sheet2!$F:$F,[1]Sheet2!$I:$I) -> 77159 | H9: 192100 | I9: =IFERROR(ROUNDDOWN(H9/_xlfn.XLOOKUP(E9,Sheet2!$F:$F,Sheet2!$H:$H),0),0) -> 87318 | J9: 86409 | K9: =IFERROR(L9*_xlfn.XLOOKUP($E9,Sheet2!$F:$F,Sheet2!$H:$H),0) -> 1999.8 | L9: =IFERROR(I9-J9,0) -> 909 | M9: 0.33333333 | N9: 0.70833333 | O9: 80 | P9: =MOD(N9-M9,1)*24*60-O9 -> 460 | Q9: 0.5 | R9: 30 | S9: vệ sinh máy | T9: D
B10: =_xlfn.XLOOKUP($E10,[1]Sheet2!$F:$F,[1]Sheet2!$B:$B) -> Dial | C10: 1 | D10: =_xlfn.XLOOKUP($E10,[1]Sheet2!$F:$F,[1]Sheet2!$D:$D) -> Black | E10: RFD12 | F10: =_xlfn.XLOOKUP($E10,[1]Sheet2!$F:$F,[1]Sheet2!$G:$G) -> 180000 | G10: =_xlfn.XLOOKUP($E10,[1]Sheet2!$F:$F,[1]Sheet2!$I:$I) -> 51428 | H10: =_xlfn.XLOOKUP($E10,[1]Sheet2!$F:$F,[1]Sheet2!$G:$G) -> 180000 | I10: =IFERROR(ROUNDDOWN(H10/_xlfn.XLOOKUP(E10,Sheet2!$F:$F,Sheet2!$H:$H),0),0) -> 48387 | J10: 47668 | K10: =IFERROR(L10*_xlfn.XLOOKUP($E10,Sheet2!$F:$F,Sheet2!$H:$H),0) -> 2674.68 | L10: =IFERROR(I10-J10,0) -> 719 | M10: 0.33333333 | N10: 0.70833333 | O10: 80 | P10: =MOD(N10-M10,1)*24*60-O10 -> 460 | Q10: 0.5 | R10: 30 | S10: vệ sinh máy | T10: D
B11: =_xlfn.XLOOKUP($E11,[1]Sheet2!$F:$F,[1]Sheet2!$B:$B) -> Dial | C11: 2 | D11: =_xlfn.XLOOKUP($E11,[1]Sheet2!$F:$F,[1]Sheet2!$D:$D) -> Apricot | E11: RFD05 | F11: =_xlfn.XLOOKUP($E11,[1]Sheet2!$F:$F,[1]Sheet2!$G:$G) -> 181640 | G11: =_xlfn.XLOOKUP($E11,[1]Sheet2!$F:$F,[1]Sheet2!$I:$I) -> 51897 | H11: 197200 | I11: =IFERROR(ROUNDDOWN(H11/_xlfn.XLOOKUP(E11,Sheet2!$F:$F,Sheet2!$H:$H),0),0) -> 56342 | J11: 55720 | K11: =IFERROR(L11*_xlfn.XLOOKUP($E11,Sheet2!$F:$F,Sheet2!$H:$H),0) -> 2177 | L11: =IFERROR(I11-J11,0) -> 622 | M11: 0.33333333 | N11: 0.70833333 | O11: 80 | P11: =MOD(N11-M11,1)*24*60-O11 -> 460 | Q11: 0.5 | R11: 30 | S11: vệ sinh máy | T11: D
B12: =_xlfn.XLOOKUP($E12,[1]Sheet2!$F:$F,[1]Sheet2!$B:$B) -> Pencil | C12: 24 | D12: =_xlfn.XLOOKUP($E12,[1]Sheet2!$F:$F,[1]Sheet2!$D:$D) -> Blue Violet | E12: RP028 | F12: =_xlfn.XLOOKUP($E12,[1]Sheet2!$F:$F,[1]Sheet2!$G:$G) -> 45375 | G12: 74385 | H12: =_xlfn.XLOOKUP($E12,[1]Sheet2!$F:$F,[1]Sheet2!$G:$G) -> 45375 | I12: =IFERROR(ROUNDDOWN(H12/_xlfn.XLOOKUP(E12,Sheet2!$F:$F,Sheet2!$H:$H),0),0) -> 74385 | J12: 72877 | K12: =IFERROR(L12*_xlfn.XLOOKUP($E12,Sheet2!$F:$F,Sheet2!$H:$H),0) -> 919.88 | L12: =IFERROR(I12-J12,0) -> 1508 | M12: 0.33333333 | N12: 0.70833333 | O12: 80 | P12: =MOD(N12-M12,1)*24*60-O12 -> 460 | Q12: 0.5 | R12: 30 | S12: vệ sinh máy | T12: D
B13: =_xlfn.XLOOKUP($E13,[1]Sheet2!$F:$F,[1]Sheet2!$B:$B) -> Pencil | C13: 25 | D13: =_xlfn.XLOOKUP($E13,[1]Sheet2!$F:$F,[1]Sheet2!$D:$D) -> Maroon | E13: RP033 | F13: =_xlfn.XLOOKUP($E13,[1]Sheet2!$F:$F,[1]Sheet2!$G:$G) -> 42100 | G13: 67903 | H13: =_xlfn.XLOOKUP($E13,[1]Sheet2!$F:$F,[1]Sheet2!$G:$G) -> 42100 | I13: =IFERROR(ROUNDDOWN(H13/_xlfn.XLOOKUP(E13,Sheet2!$F:$F,Sheet2!$H:$H),0),0) -> 67903 | J13: 66175 | K13: =IFERROR(L13*_xlfn.XLOOKUP($E13,Sheet2!$F:$F,Sheet2!$H:$H),0) -> 1071.36 | L13: =IFERROR(I13-J13,0) -> 1728 | M13: 0.33333333 | N13: 0.70833333 | O13: 80 | P13: =MOD(N13-M13,1)*24*60-O13 -> 460 | Q13: 0.5 | R13: 30 | S13: vệ sinh máy | T13: D
B14: =_xlfn.XLOOKUP($E14,[1]Sheet2!$F:$F,[1]Sheet2!$B:$B) -> Peel | C14: 1 | D14: =_xlfn.XLOOKUP($E14,[1]Sheet2!$F:$F,[1]Sheet2!$D:$D) -> Light Green | E14: RWP05 | F14: 120000 | G14: 32432 | H14: 120000 | I14: =IFERROR(ROUNDDOWN(H14/_xlfn.XLOOKUP(E14,Sheet2!$F:$F,Sheet2!$H:$H),0),0) -> 32432 | J14: 32000 | K14: =IFERROR(L14*_xlfn.XLOOKUP($E14,Sheet2!$F:$F,Sheet2!$H:$H),0) -> 1598.4 | L14: =IFERROR(I14-J14,0) -> 432 | M14: 0.33333333 | N14: 0.70833333 | O14: 80 | P14: =MOD(N14-M14,1)*24*60-O14 -> 460 | Q14: 1 | R14: 25 | S14: vệ sinh máy | T14: D
B15: Peel | C15: 2 | D15: =_xlfn.XLOOKUP($E15,[1]Sheet2!$F:$F,[1]Sheet2!$D:$D) -> Yellow | E15: RWP04 | F15: 89000 | G15: 24054 | H15: 89000 | I15: =IFERROR(ROUNDDOWN(H15/_xlfn.XLOOKUP(E15,Sheet2!$F:$F,Sheet2!$H:$H),0),0) -> 24054 | J15: 23600 | K15: =L15*3.9 -> 1770.6 | L15: =IFERROR(I15-J15,0) -> 454 | M15: 0.33333333 | N15: 0.70833333 | O15: 80 | P15: =MOD(N15-M15,1)*24*60-O15 -> 460 | Q15: 1 | R15: 25 | S15: vệ sinh máy | T15: D
