Workbook

Sheet Sheet1
B1: 생 산 일 보
B2: BÁO CÁO SẢN XUẤT HÀNG NGÀY
B3: 1. 작업장명 Tên công đoạn | E3: Paper wrapped pencils Quấn giấy bọc bút chì | H3: 2. 생산일자 Ngày sản xuất | I3: 46244
B4: ① MC | C4: ② MC No. | D4: ③ Target product | E4: ④ Products Color | F4: ⑤ Product Code | G4: ⑥ PO No. | H4: ⑦ PO Qty(ea) | I4: ⑧ qty/set | J4: ⑨-1 Plan qty(ea) | K4: ⑨-2 Plan qty(set) | L4: ⑩-1 OK qty(ea) | M4: ⑩-2 OK qty(set) | N4: ⑩-2 OK qty(CT) | O4: ⑪⑨ NG qty (ea) | P4: ⑫ Working Time(min) | Q4: ⑬ Man power | R4: ⑭ stop MC(min) | S4: REMARK | T4: ⑮ DAY/NIGHT | U4: Plan qty(ea) | W4: Real qty(ea) | Y4: thời gian bắt đầu | Z4: thời gian kết thúc | AA4: Thời gian nghỉ quy định | AB4: Thời gian quy đổi
B5: ① Tên thiết bị | C5: ② Mã thiết bị | D5: ③ Sản phẩm mục tiêu | E5: ④ Màu sắc sản phẩm | F5: ⑤ Mã hàng (Code) | G5: ⑥ Số PO | H5: ⑦ Số lượng PO(ea) | I5: ⑧ qty/set | J5: ⑨-1 Số lượng đạt (ea) | K5: ⑨-2 Số lượng đạt(set) | L5: ⑩-1 Số lượng sản phẩm OK (ea) | M5: ⑩-2 Số lượng sản phẩm OK(set) | N5: ⑩-2 Số lượng sản phẩm OK(CT) | O5: ⑪⑨ Số lượng NG (ea) | P5: ⑫ Thời gian (min) | Q5: ⑬ Công nhân | R5: ⑭ Thời gian ngưng máy (min) | T5: ⑮ Ca ngày / Ca đêm | U5: Số lượng đạt (ea) | W5: Số lượng sản xuất thực tế (ea) | Y5: 0.58333333 | Z5: 0.83333333 | AA5: 40 | AB5: =MOD(Z5-Y5,1)*24*60-AA5 -> 320
E6: CỘT NÀY NHẢY TỰ ĐỘNG | P6: Từ 8:00 -> 17:00 : 460 phút Từ 8:00 - 20:00 : 610 phút
B7: WR | C7: 1 | E7: =_xlfn.XLOOKUP(F7,Sheet3!$B:$B,Sheet3!$C:$C) -> Light Green | F7: PC005 | G7: 2026-6 | H7: 120960 | J7: 4100 | L7: 3800 | O7: 260 | P7: 460 | Q7: 0.5 | R7: 15 | S7: vệ sinh máy | T7: D | U7: =J7*#REF! -> #REF! | W7: =L7*#REF! -> #REF!
B8: WR | C8: 2 | E8: =_xlfn.XLOOKUP(F8,Sheet3!$B:$B,Sheet3!$C:$C) -> Light Green | F8: PC005 | G8: 2026-6 | H8: 120960 | J8: 4150 | L8: 3850 | O8: 290 | P8: 460 | Q8: 0.5 | R8: 15 | S8: vệ sinh máy | T8: D | U8: =J8*#REF! -> #REF! | W8: =L8*#REF! -> #REF!
B9: WR | C9: 3 | E9: =_xlfn.XLOOKUP(F9,Sheet3!$B:$B,Sheet3!$C:$C) -> Orange | F9: PC003 | G9: 2026-6 | H9: 103680 | J9: 4160 | L9: 3900 | O9: 260 | P9: 460 | Q9: 0.5 | R9: 15 | S9: vệ sinh máy | T9: D | U9: =J9*#REF! -> #REF! | W9: =L9*#REF! -> #REF! | Y9: PC001 | Z9: White
B10: WR | C10: 4 | E10: =_xlfn.XLOOKUP(F10,Sheet3!$B:$B,Sheet3!$C:$C) -> Orange | F10: PC003 | G10: 2026-6 | H10: 103680 | J10: 4160 | L10: 3900 | O10: 260 | P10: 460 | Q10: 0.5 | R10: 15 | S10: vệ sinh máy | T10: D | U10: =J10*#REF! -> #REF! | W10: =L10*#REF! -> #REF! | Y10: PC002 | Z10: Red
B11: WR | C11: 5 | E11: =_xlfn.XLOOKUP(F11,Sheet3!$B:$B,Sheet3!$C:$C) -> Yellow | F11: PC004 | G11: 2026-6 | H11: 138240 | J11: 4250 | L11: 4100 | O11: 160 | P11: 460 | Q11: 0.5 | R11: 15 | S11: vệ sinh máy | T11: D | U11: =J11*#REF! -> #REF! | W11: =L11*#REF! -> #REF! | Y11: PC003 | Z11: Orange
B12: WR | C12: 6 | E12: =_xlfn.XLOOKUP(F12,Sheet3!$B:$B,Sheet3!$C:$C) -> Yellow | F12: PC004 | G12: 2026-6 | H12: 138240 | J12: 4350 | L12: 4200 | O12: 160 | P12: 460 | Q12: 0.5 | R12: 15 | S12: vệ sinh máy | T12: D | U12: =J12*#REF! -> #REF! | W12: =L12*#REF! -> #REF! | Y12: PC004 | Z12: Yellow
B13: WR | C13: 7 | E13: =_xlfn.XLOOKUP(F13,Sheet3!$B:$B,Sheet3!$C:$C) -> Brown | F13: PC011 | G13: 2026-6 | H13: 120960 | J13: 4300 | L13: 4000 | O13: 295 | P13: 460 | Q13: 0.5 | R13: 15 | S13: vệ sinh máy | T13: D | U13: =J13*#REF! -> #REF! | W13: =L13*#REF! -> #REF! | Y13: PC005 | Z13: Light Green
B14: WR | C14: 8 | E14: =_xlfn.XLOOKUP(F14,Sheet3!$B:$B,Sheet3!$C:$C) -> Brown | F14: PC011 | G14: 2026-6 | H14: 120960 | J14: 4300 | L14: 4000 | O14: 300 | P14: 460 | Q14: 0.5 | R14: 15 | S14: vệ sinh máy | T14: D | U14: =J14*#REF! -> #REF! | W14: =L14*#REF! -> #REF! | Y14: PC006 | Z14: Green
B15: WR | C15: 9 | E15: =_xlfn.XLOOKUP(F15,Sheet3!$B:$B,Sheet3!$C:$C) -> Brown | F15: PC011 | G15: 2026-6 | H15: 120960 | J15: 4000 | L15: 3650 | O15: 310 | P15: 460 | Q15: 0.5 | R15: 15 | S15: vệ sinh máy | T15: D | U15: =J15*#REF! -> #REF! | W15: =L15*#REF! -> #REF! | Y15: PC007 | Z15: Sky Blue
B16: WR | C16: 10 | E16: =_xlfn.XLOOKUP(F16,Sheet3!$B:$B,Sheet3!$C:$C) -> Brown | F16: PC011 | G16: 2026-6 | H16: 120960 | J16: 4000 | L16: 3600 | O16: 305 | P16: 460 | Q16: 0.5 | R16: 15 | S16: vệ sinh máy | T16: D | U16: =J16*#REF! -> #REF! | W16: =L16*#REF! -> #REF! | Y16: PC008 | Z16: Blue - Dark
B17: WR | C17: 11 | E17: =_xlfn.XLOOKUP(F17,Sheet3!$B:$B,Sheet3!$C:$C) -> Orange | F17: PC003 | G17: 2026-6 | H17: 103680 | J17: 4200 | L17: 4000 | O17: 210 | P17: 460 | Q17: 0.5 | R17: 15 | S17: vệ sinh đổi màu | T17: D | U17: =J17*#REF! -> #REF! | W17: =L17*#REF! -> #REF! | Y17: PC009 | Z17: Violet
B18: WR | C18: 12 | E18: =_xlfn.XLOOKUP(F18,Sheet3!$B:$B,Sheet3!$C:$C) -> Light Green | F18: PC005 | G18: 2026-6 | H18: 120960 | J18: 4300 | L18: 4000 | O18: 310 | P18: 460 | Q18: 0.5 | R18: 15 | S18: vệ sinh đổi màu | T18: D | U18: =J18*#REF! -> #REF! | W18: =L18*#REF! -> #REF! | Y18: PC010 | Z18: Blue - Light
Y19: PC011 | Z19: Brown
Y20: PC012 | Z20: Black
Y21: PC013 | Z21: Pink
Y22: PC014 | Z22: Yellow Ocher
Y23: PC015 | Z23: Apricot
Y24: PC016 | Z24: Gray - Silver
Y25: PC017 | Z25: Gold
U30: =J30*#REF! -> #REF! | W30: =L30*#REF! -> #REF!
B32: ① MC | C32: ② MC No. | D32: ③ Target product | E32: ④ Products Color | F32: ⑤ Product Code | G32: ⑥ PO No. | H32: ⑦ PO Qty(ea) | I32: ⑧ qty/set | J32: ⑨-1 Plan qty(ea) | K32: ⑨-2 Plan qty(set) | L32: ⑩-1 OK qty(ea) | M32: ⑩-2 OK qty(set) | N32: ⑩-2 OK qty(set) | O32: ⑪⑨ NG qty (ea) | P32: ⑫ Working Time(min) | Q32: ⑬ Man power | R32: ⑭ stop MC(min) | S32: REMARK | T32: ⑮ DAY/NIGHT | U32: Plan qty(ea) | W32: Real qty(ea)
B33: ① Tên thiết bị | C33: ② Mã thiết bị | D33: ③ Sản phẩm mục tiêu | E33: ④ Màu sắc sản phẩm | F33: ⑤ Mã hàng (Code) | G33: ⑥ Số PO | H33: ⑦ Số lượng PO(ea) | I33: ⑧ qty/set | J33: ⑨-1 Số lượng đạt (ea) | K33: ⑨-2 Số lượng đạt(set) | L33: ⑩-1 Số lượng sản phẩm OK (ea) | M33: ⑩-2 Số lượng sản phẩm OK(set) | N33: ⑩-2 Số lượng sản phẩm OK(set) | O33: ⑪⑨ Số lượng NG (ea) | P33: ⑫ Thời gian (min) | Q33: ⑬ Công nhân | R33: ⑭ Thời gian ngưng máy (min) | T33: ⑮ Ca ngày / Ca đêm | U33: Số lượng đạt (ea) | W33: Số lượng sản xuất thực tế (ea)
D34: 2 cột này nhảy tự động | F34: chọn mã hàng tùy loại theo đơn hàng
B35: PK
B36: PK
B37: PK
B39: PK | C39: M | D39: =_xlfn.XLOOKUP($F39,Sheet3!$B:$B,Sheet3!$E:$E) -> BINIMOY | E39: =_xlfn.XLOOKUP(F39,Sheet3!$B:$B,Sheet3!$C:$C) -> BINIMOY - GREEN | F39: BNMGRE | G39: 2026-6 | H39: 155520 | I39: 12 | J39: =K39*I39 -> 53568 | K39: 4464 | L39: =M39*I39 -> 53568 | M39: 4464 | N39: 31 | O39: 0 | P39: 380 | Q39: 2 | T39: D
B40: PK | C40: M | D40: =_xlfn.XLOOKUP($F40,Sheet3!$B:$B,Sheet3!$E:$E) -> BINIMOY | E40: =_xlfn.XLOOKUP(F40,Sheet3!$B:$B,Sheet3!$C:$C) -> Binimoy - ORANGE | F40: BNMOR | G40: 2026-6 | H40: 103680 | I40: 12 | J40: =K40*I40 -> 17280 | K40: 1440 | L40: =M40*I40 -> 17280 | M40: 1440 | N40: 10 | O40: 0 | P40: 80 | Q40: 2 | T40: D
B42: Gold | C42: 1 | D42: =_xlfn.XLOOKUP($F42,Sheet3!$B:$B,Sheet3!$E:$E) -> BINIMOY | E42: =_xlfn.XLOOKUP(F42,Sheet3!$B:$B,Sheet3!$C:$C) -> Yellow - BNM | F42: YLBNM | G42: 2026-6 | H42: 138240 | J42: 37700 | L42: 37700 | O42: 5 | P42: 460 | Q42: 1 | R42: 20 | S42: Vệ sinh máy | T42: D
B43: Gold | C43: 2 | D43: =_xlfn.XLOOKUP($F43,Sheet3!$B:$B,Sheet3!$E:$E) -> BINIMOY | E43: =_xlfn.XLOOKUP(F43,Sheet3!$B:$B,Sheet3!$C:$C) -> Brown - BNM | F43: BRWBNM | G43: 2026-6 | H43: 120960 | J43: 33408 | L43: 33350 | O43: 58 | P43: 460 | Q43: 1 | R43: 20 | S43: Vệ sinh máy | T43: D

Sheet Sheet4
A1: Danh sách đơn hàng
A3: STT | B3: Ngày | C3: Số đơn hàng | D3: Loại hàng | E3: Mã màu | F3: Tên màu | G3: Carton | H3: Gross | I3: Set | J3: Pcs | K3: Ghi chú
A4: 1 | H4: =G4*12 -> 0 | I4: =H4*12 -> 0 | J4: =I4*12 -> 0
A5: 2 | H5: =G5*12 -> 0 | I5: =H5*12 -> 0 | J5: =I5*12 -> 0
A6: 3 | H6: =G6*12 -> 0 | I6: =H6*12 -> 0 | J6: =I6*12 -> 0
A7: 4 | H7: =G7*12 -> 0 | I7: =H7*12 -> 0 | J7: =I7*12 -> 0
A8: 5 | H8: =G8*12 -> 0 | I8: =H8*12 -> 0 | J8: =I8*12 -> 0
A9: 6 | H9: =G9*12 -> 0 | I9: =H9*12 -> 0 | J9: =I9*12 -> 0
A10: =IF(E10="","",SUBTOTAL(3,$E$4:E10)) | H10: =G10*12 -> 0 | I10: =H10*12 -> 0 | J10: =I10*12 -> 0
A11: =IF(E11="","",SUBTOTAL(3,$E$4:E11)) | H11: =G11*12 -> 0 | I11: =H11*12 -> 0 | J11: =I11*12 -> 0
A12: =IF(E12="","",SUBTOTAL(3,$E$4:E12)) | H12: =G12*12 -> 0 | I12: =H12*12 -> 0 | J12: =I12*12 -> 0
A13: =IF(E13="","",SUBTOTAL(3,$E$4:E13)) | H13: =G13*12 -> 0 | I13: =H13*12 -> 0 | J13: =I13*12 -> 0
A14: =IF(E14="","",SUBTOTAL(3,$E$4:E14)) | H14: =G14*12 -> 0 | I14: =H14*12 -> 0 | J14: =I14*12 -> 0
A15: =IF(E15="","",SUBTOTAL(3,$E$4:E15)) | H15: =G15*12 -> 0 | I15: =H15*12 -> 0 | J15: =I15*12 -> 0
A16: =IF(E16="","",SUBTOTAL(3,$E$4:E16)) | H16: =G16*12 -> 0 | I16: =H16*12 -> 0 | J16: =I16*12 -> 0
A17: =IF(E17="","",SUBTOTAL(3,$E$4:E17)) | H17: =G17*12 -> 0 | I17: =H17*12 -> 0 | J17: =I17*12 -> 0
A18: =IF(E18="","",SUBTOTAL(3,$E$4:E18)) | H18: =G18*12 -> 0 | I18: =H18*12 -> 0 | J18: =I18*12 -> 0
A19: =IF(E19="","",SUBTOTAL(3,$E$4:E19)) | H19: =G19*12 -> 0 | I19: =H19*12 -> 0 | J19: =I19*12 -> 0
A20: =IF(E20="","",SUBTOTAL(3,$E$4:E20)) | H20: =G20*12 -> 0 | I20: =H20*12 -> 0 | J20: =I20*12 -> 0
A21: =IF(E21="","",SUBTOTAL(3,$E$4:E21)) | H21: =G21*12 -> 0 | I21: =H21*12 -> 0 | J21: =I21*12 -> 0
... A74: =IF(E74="","",SUBTOTAL(3,$E$4:E74)) | H74: =G74*12 -> 0 | I74: =H74*12 -> 0 | J74: =I74*12 -> 0

Sheet Sheet3
B3: AMOSCTP | C3: AMOS - GLASS CARTON | D3: [Nguyên vật liệu phụ] | E3: AMOS | F3: Carton | G3: GLASS
B4: CTASABA | C4: CARTON - ASABA TRADING | D4: [Nguyên vật liệu phụ] | E4: ASABA | F4: Carton | G4: GLASS
B5: CTBC | C5: CARTON - BACO | D5: [Nguyên vật liệu phụ] | E5: BACO | F5: Carton | G5: GLASS
B6: CTBNM | C6: CARTON - BINIMOY | D6: [Nguyên vật liệu phụ] | E6: BINIMOY | F6: Carton | G6: GLASS
B7: BSK12CT | C7: BOSUNG KOREA - 12 Gross | D7: [Nguyên vật liệu phụ] | E7: BOSUNG KOREA | F7: Carton | G7: GLASS
B8: CTCASA | C8: CARTON - CASA NISHIN S.A | D8: [Nguyên vật liệu phụ] | E8: CASA | F8: Carton | G8: GLASS
B9: JKOCT | C9: JOYKO CARTON | D9: [Nguyên vật liệu phụ] | E9: JOYKO | F9: Carton | G9: GLASS
B10: LIONCT | C10: GRACIA - LION CARTON | D10: [Nguyên vật liệu phụ] | E10: LION | F10: Carton | G10: GLASS
B11: CTBS8 | C11: CARTON - BSKR 8GR | D11: [Nguyên vật liệu phụ] | E11: Packing | F11: Carton | G11: GLASS
B12: CTGG | C12: CARTON - GOLDEN GATE | D12: [Nguyên vật liệu phụ] | E12: Packing | F12: Carton | G12: GLASS
B13: CTGM | C13: CARTON - GAMI MUN | D13: [Nguyên vật liệu phụ] | E13: Packing | F13: Carton | G13: GLASS
B14: CTHBD | C14: CARTON - HAPPY BIRTHDAY | D14: [Nguyên vật liệu phụ] | E14: Packing | F14: Carton | G14: GLASS
... B351: YLGG | C351: Gum Gum - Yellow | D351: [Bán thành phẩm] | E351: GUM GUM | F351: Printing | G351: GLASS
B352: GGAPR | C352: Gum Gum - Apricot | D352: FG | E352: GUM GUM | F352: Printing | G352: GLASS | H352: Đgói
B353: GGBK | C353: Gum Gum - Black | D353: FG | E353: GUM GUM | F353: Printing | G353: GLASS | H353: Đgói
B354: GGBLU | C354: Gum Gum - Blue | D354: FG | E354: GUM GUM | F354: Printing | G354: GLASS | H354: Đgói
B355: GGBRW | C355: Gum Gum - Brown | D355: FG | E355: GUM GUM | F355: Printing | G355: GLASS | H355: Đgói
B356: GGGRE | C356: Gum Gum - Green | D356: FG | E356: GUM GUM | F356: Printing | G356: GLASS | H356: Đgói
B357: GGLGR | C357: Gum Gum - Light Green | D357: FG | E357: GUM GUM | F357: Printing | G357: GLASS | H357: Đgói
B358: GGOK | C358: Gum Gum - Pink | D358: FG | E358: GUM GUM | F358: Printing | G358: GLASS | H358: Đgói
B359: GGOR | C359: Gum Gum - Orange | D359: FG | E359: GUM GUM | F359: Printing | G359: GLASS | H359: Đgói
B360: GGRD | C360: Gum Gum - Red | D360: FG | E360: GUM GUM | F360: Printing | G360: GLASS | H360: Đgói
B361: GGSBL | C361: Gum Gum - Sky Blue | D361: FG | E361: GUM GUM | F361: Printing | G361: GLASS | H361: Đgói
B362: GGVIO | C362: Gum Gum - Violet | D362: FG | E362: GUM GUM | F362: Printing | G362: GLASS | H362: Đgói
B363: GGYL | C363: Gum Gum - Yellow | D363: FG | E363: GUM GUM | F363: Printing | G363: GLASS | H363: Đgói
B364: AMOSRD | C364: AMOS - RED | D364: [Thành phẩm] | E364: AMOS | F364: FG | G364: GLASS
B365: AMOSGRE | C365: AMOS - GREEN | D365: [Thành phẩm] | E365: AMOS | F365: FG | G365: GLASS
B366: RDAMO | C366: RED - AMOS | D366: [Bán thành phẩm] | E366: AMOS | F366: Printing | G366: GLASS
B367: GREAMO | C367: GREEN - AMOS | D367: [Bán thành phẩm] | E367: AMOS | F367: Printing | G367: GLASS
B368: BSBULK | C368: BS KOREA - RED | D368: [Thành phẩm] | E368: BOSUNG KOREA | F368: FG | G368: GLASS
